{"scale_m_per_px": 0.0025, "scale_sigma": 2.0650788709885275e-05, "measurements": [{"id": 1, "px_dist": 721.5684305732894, "meters": 1.8039210764332236, "sigma_m": 0.015005449858671617, "p1": [1523, 1533], "p2": [1873, 902]}, {"id": 2, "px_dist": 435.4916761546654, "meters": 1.0887291903866636, "sigma_m": 0.009165341467390382, "p1": [775, 1947], "p2": [1152, 1729]}, {"id": 3, "px_dist": 479.2661056240051, "meters": 1.1981652640600127, "sigma_m": 0.01005385621319876, "p1": [1781, 322], "p2": [1901, 786]}]}